Unnamed: 0,term,pos,definition,domain,supplementary_info,obsolete,archaic,slang,vulgar,abbreviation,abbreviation_for_term,plural,plurality_of_term,misspelling,misspelling_for_term,initialism,initialism_for_term,synonym,synonym_for_term,attribute,property,process,matter,role,measure,units
5867,imperial gallon,Noun,"A unit of measure for liquids used in the British Isles and in some Commonwealth countries, equivalent to 8 imperial pints, 4.55 litres, or 1.20 U.S",,gallons.,False,False,False,False,False,,False,,False,,False,,False,,False,False,False,False,False,False,True
20035,international mile,Noun,"The present formal value of the mile as precisely equal to 1.609344 kilometers, as opposed to other historic or informal values.", units of measure,,False,False,False,False,False,,False,,False,,False,,False,,False,False,False,False,False,False,True
10825,degree,Noun,A unit of measurement of angle equal to 1/360 of a circle's circumference, geometry,[from 14th c.] A right angle is a ninety degree angle. Most humans have a field of vision of almost 180 degrees.,False,False,False,False,False,,False,,False,,False,,False,,False,False,False,False,False,False,True
10826,degree,Noun,"A unit of measurement of temperature on any of several scales, such as Celsius or Fahrenheit", physics,[from 18th c.] 180 degrees Fahrenheit is equivalent to 100 degrees Celsius. Water boils at 100 degrees Celsius.,False,False,False,False,False,,False,,False,,False,,False,,False,False,False,False,False,False,True
10832,degree,Noun,A unit of measurement of latitude and longitude which together identify a location on the Earth's surface., geography,,False,False,False,False,False,,False,,False,,False,,False,,False,False,False,False,False,False,True
19042,dessertspoon,Noun,"A unit of measure, being equivalent to two teaspoons or two-thirds of a tablespoon, or approximately 10 millilitres; a dessertspoonful.",,,False,False,False,False,False,,False,,False,,False,,False,,False,False,False,False,False,False,True
25665,digit,Noun,"112 the apparent diameter of the sun or moon, (chiefly) as a measure of the totality of an eclipse"," units of measure, astronomy",A six-digit eclipse covers half the lunar surface.,False,False,False,False,False,,False,,False,,False,,False,,False,False,False,False,False,False,True
25666,digit,Noun,"A unit of length notionally based upon the width of an adult human finger, standardized differently in various places and times, (especially) the English digit of 116foot (about 1.9cm).", historical units of measure,,False,False,False,False,False,,False,,False,,False,,False,,False,False,False,False,False,False,True
27972,diopter,Noun,"A unit of measure of the power of a lens or mirror, equal to the reciprocal of its focal length in meters",,Myopia is diagnosed and measured in diopters.,False,False,False,False,False,,False,,False,,False,,False,,False,False,False,False,False,False,True
29214,dirhem,Noun,"A former small Turkish unit of weight, variously reckoned as 1.53.5 g (.05.12 oz.)", historical units of measurement,"1819, Abraham Rees, The Cyclopaedia, Vol. XXX, s.v. ""Rottolo"": At Aleppo, and its port Scanderoon, the cantaro contains 100 rottoli, each of which is subdivided into 12 ounces, or 720 drachms... The rottolo with which the silks from Tripoli, and other parts of Syria, are weighed, consists of 700 drachms, answering to 4 avoirdupois. The rottolo used in weighing the Persian silks contains 680 drachms, or nearly 4 lbs. avoirdupois. The rottolo of Damascus, with which brass, camphor, benzoin, spikenard, balsam of Mecca, and other drugs are weighed, contains 600 drachms, or 415 lbs. avoirdupois. Five rottoli, or 3600 drachms, make what is called a vesno... At Saide, in Syria, (the ancient Sidon,) silk and sattin yarn are weighed with the rottolo of Damascus, of 600 drachms; 100 such rottoli answering to about 410 lbs. avoirdupois... At Smyrna, the cantaro, or kintal, contains 45 okes, or 100 rottoli. The batman is 6 okes, or 2400 drachms; and the oke is 400 drachms, and the rottolo = 180 drachms. The cantaro of 45 okes weighs 123 lbs. 4 oz. avoirdupois; and, therefore, the oke is = 2 lbs. 11 oz. 13 drs. avoirdupois. At Tripoli, the cantaro weight contains 100 rottoli, each of 6 ounces, or 128 termini; this cantaro answers to 168 lbs. peso sotile of Venice, or about 12 lbs. avoirdupois... 1888, W.M.F. Petrie, Encyclopaedia Britannica, 9th ed., Vol. XXIV, s.v. ""Weights and Measures"": Dram (495 grains), 100=chequi, 4=oka (28286 ); dram (495 grains), 180=rotl, 100=kintal or kantar (12729 ).",False,False,False,False,False,,False,,False,,False,,False,,False,False,False,False,False,False,True
38815,dol,Noun,The unit of measurement for pain, medicine,,False,False,False,False,False,,False,,False,,False,,False,,False,False,False,False,False,False,True
43530,drachm,Noun,"A small unit of weight, variously: Alternative form of dram: One sixteenth of an ounce avoirdupois (approximately 1.77 g)", units of measurement,"(pharmacy) ounce apothecary (3.89 g) (symbol: ). (historical, obsolete) Alternative form of dirhem: a small former Turkish weight (variously 1.53.5 g). 1819, Abraham Rees, The Cyclopaedia, Vol. XXX, s.v. ""Rottolo"": At Aleppo, and its port Scanderoon, the cantaro contains 100 rottoli, each of which is subdivided into 12 ounces, or 720 drachms... The rottolo with which the silks from Tripoli, and other parts of Syria, are weighed, consists of 700 drachms, answering to 4 avoirdupois. The rottolo used in weighing the Persian silks contains 680 drachms, or nearly 4 lbs. avoirdupois. The rottolo of Damascus, with which brass, camphor, benzoin, spikenard, balsam of Mecca, and other drugs are weighed, contains 600 drachms, or 415 lbs. avoirdupois. Five rottoli, or 3600 drachms, make what is called a vesno... At Saide, in Syria, (the ancient Sidon,) silk and sattin yarn are weighed with the rottolo of Damascus, of 600 drachms; 100 such rottoli answering to about 410 lbs. avoirdupois... At Smyrna, the cantaro, or kintal, contains 45 okes, or 100 rottoli. The batman is 6 okes, or 2400 drachms; and the oke is 400 drachms, and the rottolo = 180 drachms. The cantaro of 45 okes weighs 123 lbs. 4 oz. avoirdupois; and, therefore, the oke is = 2 lbs. 11 oz. 13 drs. avoirdupois. At Tripoli, the cantaro weight contains 100 rottoli, each of 6 ounces, or 128 termini; this cantaro answers to 168 lbs. peso sotile of Venice, or about 12 lbs. avoirdupois... (historical, obsolete) Alternative form of drachma: a small former Greek weight (about 4.3 g).",False,False,False,False,False,,False,,False,,False,,False,,False,False,False,False,False,False,True
44132,dram,Noun,"A small unit of weight, variously: One sixteenth of an ounce avoirdupois (approximately 1.77 g)", units of measurement,"(pharmacy) Alternative form of drachm ( ounce apothecary (3.89 g) (symbol: )). (now uncommon) Synonym of dirhem: a former Turkish unit of weight (variously 1.53.5 g). 1888, W.M.F. Petrie, Encyclopaedia Britannica, 9th ed., Vol. XXIV, s.v. ""Weights and Measures"": Dram (495 grains), 100=chequi, 4=oka (28286 ); dram (495 grains), 180=rotl, 100=kintal or kantar (12729 ). (obsolete) Synonym of drachma: a former Greek unit of weight (about 4.3 g).",False,False,False,False,False,,False,,False,,False,,False,,False,False,False,False,False,False,True
37,qafiz,Noun,A unit of measurement for volume; the exact amount varies from place to place.,,,False,False,False,False,False,,False,,False,,False,,False,,False,False,False,False,False,False,True
164,qintar,Noun,"A unit of measure, which varies in value depending upon the product measured; for example, a qintar of cotton might be 160 kg of cotton, 50 kg of cotton lint; a qintar of lime, 65 kg", plural: qintars,"2002, Jonathan M. Bloom, Sheila S. Blair, Islam: A Thousand Years of Faith and Power For all its squalor qintars and qintars of gold dust are traded there. 2005, Muhammad Khalid Masud, Rudolph Peters, David Stephan Powers, Dispensing Justice in Islam: Qadis and their judgments [] who offered 190 piasters per year for rent, 20 piasters more than the other, plus half a qintar of pomegranates.",False,False,False,False,False,,False,,False,,False,,False,,False,False,False,False,False,False,True
1209,quality-adjusted life year,Noun,"A unit of measurement, equivalent to one year of life in perfect health, that can be used to decide whether a medical procedure is worthwhile for an individual.", medicine,,False,False,False,False,False,,False,,False,,False,,False,,False,False,False,False,False,False,True
1096,obscuration,Noun,"A unit of measurement used in particular for smoke detectors which respond to absorption of light by smoke, in percent absorption per unit length, e.g.% obs/ft,% obs/m.",,,False,False,False,False,False,,False,,False,,False,,False,,False,False,False,False,False,False,True
4870,oka,Noun,"A former Turkish, Egyptian, Hungarian, and Romanian unit of weight, usually of a little more than a kilogram", historical units of measurement,"1819, Abraham Rees, The Cyclopaedia, Vol. XXX, s.v. ""Rottolo"": At Constantinople, the cantaro, or quintal, contains 44 okes, or 100 rottoli; and the cantaro weighs about 123 lbs. avoirdupois, the oke 2lbs. 13 oz., and the rottolo 1945 oz., and the chequee 11 oz. avoirdupois... At Smyrna, the cantaro, or kintal, contains 45 okes, or 100 rottoli. The batman is 6 okes, or 2400 drachms; and the oke is 400 drachms, and the rottolo = 180 drachms. The cantaro of 45 okes weighs 123 lbs. 4 oz. avoirdupois; and, therefore, the oke is = 2 lbs. 11 oz. 13 drs. avoirdupois... 1888, W.M.F. Petrie, Encyclopaedia Britannica, 9th ed., Vol. XXIV, s.v. ""Weights and Measures"": Dram (495 grains), 100=chequi, 4=oka (28286 ); dram (495 grains), 180=rotl, 100=kintal or kantar (12729 ).",False,False,False,False,False,,False,,False,,False,,False,,False,False,False,False,False,False,True
6353,omer,Noun,A former small Hebrew unit of dry volume equal to about 2.3L or 2.1quarts, historical units of measure,"1644, John Milton, Aeropagitica: ...that Omer which was every mans daily portion of Manna, is computed to have bin more then might have well suffic'd the heartiest feeder thrice as many meals. 1769, Bible (KJV), Exodus XVI: And it came to pass, that on the sixth day they gathered twice as much bread, two omers for one man: and all the rulers of the congregation came and told Moses.",False,False,False,False,False,,False,,False,,False,,False,,False,False,False,False,False,False,True
13799,osmole,Noun,"A unit of measurement, a mole of an osmotically active compound", chemistry,,False,False,False,False,False,,False,,False,,False,,False,,False,False,False,False,False,False,True
3146,bag,Noun,A unit of measure of cement equal to 94 pounds., Britain,,False,False,False,False,False,,False,,False,,False,,False,,False,False,False,False,False,False,True
8729,base unit,Noun,A unit of measurement on which others are based,,"The SI unit of velocity is metres per second, derived from the base units of time and distance.",False,False,False,False,False,,False,,False,,False,,False,,False,False,False,False,False,False,True
19472,hin,Noun,A former Hebrew liquid measure of volume (about 3.8 L), historical units of measure,"Bible (NIV), Exodus 30:24: 500 shekels of cassia all according to the sanctuary shekel and a hin of olive oil.",False,False,False,False,False,,False,,False,,False,,False,,False,False,False,False,False,False,True
19473,hin,Noun,An Ancient Egyptian liquid measure of volume (about 0.48 L), historical units of measure,"1997, Helaine Selin, Encyclopaedia of the History of Science, Technology, and Medicine in Non-Westen Cultures: The hin for liquids was subdivided dimidially down to 132 = 1 ro.",False,False,False,False,False,,False,,False,,False,,False,,False,False,False,False,False,False,True
23545,homer,Noun,"A former Hebrew unit of dry volume, about equal to 230L or 6bushels", historical units of measure,"1769, Bible (KJV), Ezekiel, 45:11: The ephah and the bath shall be of one measure, that the bath may contain the tenth part of an homer, and the ephah the tenth part of an homer: the measure thereof shall be after the homer. 1922, James Joyce, Ulysses:Head up! For every newbegotten thou shalt gather thy homer of ripe wheat.",False,False,False,False,False,,False,,False,,False,,False,,False,False,False,False,False,False,True
26134,hoppus,Noun,"A unit of measure of volume equal to 1.273 cubic feet or 2,200 cubic inches",,Used in the British Empire as a measure of lumber.,False,False,False,False,False,,False,,False,,False,,False,,False,False,False,False,False,False,True
26136,hoppus foot,Noun,"A unit of measurement for the volume of timber in the round, with a value equal to 1.27 cubic feet, where the cross-sectional area is taken as the square of one quarter of the circumference of the round.",,,False,False,False,False,False,,False,,False,,False,,False,,False,False,False,False,False,False,True
26137,hoppus ton,Noun,"A unit of measurement for the volume of timber in the round, with a value equal to 50 hoppus feet or 1.8027 cubic metres.",,,False,False,False,False,False,,False,,False,,False,,False,,False,False,False,False,False,False,True
948,Haugh unit,Noun,"A unit of measure of egg protein quality, based on the egg's weight and the height of the albumen immediately around the yolk.",,,False,False,False,False,False,,False,,False,,False,,False,,False,False,False,False,False,False,True
9058,em,Noun,A unit of measurement equal to the height of the type in use, typography,"Synonyms: quad, em quad, mutton, mut",False,False,False,False,False,,False,,False,,False,,False,,False,False,False,False,False,False,True
18230,ephah,Noun,A former Hebrew unit of dry volume (about 23L), historical units of measure,"1769, Bible (KJV), Ezekiel, 45:1011: Ye shall have just balances, and a just ephah, and a just bath. The ephah and the bath shall be of one measure, that the bath may contain the tenth part of an homer, and the ephah the tenth part of an homer: the measure thereof shall be after the homer.",False,False,False,False,False,,False,,False,,False,,False,,False,False,False,False,False,False,True
27028,exahertz,Noun,A unit of measurement based on one quintillion hertz.,,,False,False,False,False,False,,False,,False,,False,,False,,False,False,False,False,False,False,True
32433,picul,Noun,"A traditional South and East Asian unit of weight, based upon the load of a shoulder pole and varying by place and over time but usually standardized at about 60 kg.", units of measure,,False,False,False,False,False,,False,,False,,False,,False,,False,False,False,False,False,False,True
40986,plethron,Noun,A former Greek unit of length equal to 100 Greek feet (podes)., historical units of measure,,False,False,False,False,False,,False,,False,,False,,False,,False,False,False,False,False,False,True
1690,Italian mile,Noun,"Various traditional Italian units of length, particularly the Genovese and Roman miles", units of measure,,False,False,False,False,False,,False,,False,,False,,False,,False,False,False,False,False,False,True
2394,calibre,Noun,Unit of measure used to express the length of the bore of a weapon,,"The number of calibres is determined by dividing the length of the bore of the weapon, from the breech face of the tube to the muzzle, by the diameter of its bore. A gun tube the bore of which is 40 feet (480 inches) long and 12 inches in diameter is said to be 40 calibers long.",False,False,False,False,False,,False,,False,,False,,False,,False,False,False,False,False,False,True
16370,centipoise,Noun,A cgs unit of measure of absolute viscosity,,"(The viscosity of water is one centipoise. The lower the number, the less viscous the material.) Symbol: cP.",False,False,False,False,False,,False,,False,,False,,False,,False,False,False,False,False,False,True
20421,characters per inch,Noun,A unit of measurement of the number of typographic characters that fit on a one inch line of printed type," design, typography","This unit is mainly used to specify font sizes that have the same width for each character (monospaced), however it may also be used to give an average for fonts with characters of varying widths. Please use a type that is 10 characters per inch.",False,False,False,False,False,,False,,False,,False,,False,,False,False,False,False,False,False,True
20422,characters per inch,Noun,"A unit of measurement of the number of characters per inch (""linear packing density"") when storing data on certain types of magnetic media or tape, used to measure storage density that the encoding medium possesses.", electronic media,,False,False,False,False,False,,False,,False,,False,,False,,False,False,False,False,False,False,True
22712,cheki,Noun,A unit of weight equal to 200 kg (441 lbs.)., Turkish units of measurement,,False,False,False,False,False,,False,,False,,False,,False,,False,False,False,False,False,False,True
22713,cheki,Noun,A former Turkish unit of weight equal to 180 okas., historical units of measurement,,False,False,False,False,False,,False,,False,,False,,False,,False,False,False,False,False,False,True
22714,cheki,Noun,A former Turkish unit of weight equal to 100 dirhems (variously .15.35 kg), historical units of measurement,"1819, Abraham Rees, The Cyclopaedia, Vol. XXX, s.v. ""Rottolo"": At Constantinople, the cantaro, or quintal, contains 44 okes, or 100 rottoli; and the cantaro weighs about 123 lbs. avoirdupois, the oke 2lbs. 13 oz., and the rottolo 1945 oz., and the chequee 11 oz. avoirdupois. 1888, W.M.F. Petrie, Encyclopaedia Britannica, 9th ed., Vol. XXIV, s.v. ""Weights and Measures"": Dram (495 grains), 100=chequi, 4=oka (28286 ); dram (495 grains), 180=rotl, 100=kintal or kantar (12729 ). 1900, William B. Dick, Encyclopedia of Practical Receipts and Processes, p. 530: 6107. Turkish Weights. The Turkish Chequi is 11 ounces avoirdupois... 1 Chequi = 100 Drachmas.",False,False,False,False,False,,False,,False,,False,,False,,False,False,False,False,False,False,True
53754,congius,Noun,An ancient Roman unit of volume in liquid measure consisting of six sextarii or one-eighth amphora (about 7 fluid ounces)., historical units of measure,,False,False,False,False,False,,False,,False,,False,,False,,False,False,False,False,False,False,True
53755,congius,Noun,An ancient Roman unit of weight under Vespasian equal to the weight of a congius of water., historical units of measure,,False,False,False,False,False,,False,,False,,False,,False,,False,False,False,False,False,False,True
60488,cor,Noun,"Various former units of volume, particularly: A Hebrew unit of liquid volume, about equal to 230L or 60gallons", historical units of measure,Synonym of homer: approximately the same volume as a dry measure. A roughly equivalent Phoenician unit of volume.,False,False,False,False,False,,False,,False,,False,,False,,False,False,False,False,False,False,True
60732,cord,Noun,"A unit of measurement for firewood, equal to 128 cubic feet (4 4 8 feet), composed of logs and/or split logs four feet long and none over eight inches diameter",,"It is usually seen as a stack four feet high by eight feet long. 1851, Herman Melville, Moby-Dick Unerringly impelling this dead, impregnable, uninjurable wall, and this most buoyant thing within; there swims behind it all a mass of tremendous life, only to be adequately estimated as piled wood isby the cord []",False,False,False,False,False,,False,,False,,False,,False,,False,False,False,False,False,False,True
76631,cubit,Noun,"Various former units of length notionally based on the distance from a grown man's elbow to his fingertips, standardized in different places and times at values between 35 and 60cm", historical units of measure,"1611, The Holy Bible,[] (King James Version), imprinted at London: By Robert Barker,[], OCLC 964384981, Matthew 6:27: Which of you by taking thought can add one cubit unto his stature?",False,False,False,False,False,,False,,False,,False,,False,,False,False,False,False,False,False,True
79519,customary unit,Noun,any unit of measurement that is currently used in the United States, US,,False,False,False,False,False,,False,,False,,False,,False,,False,False,False,False,False,False,True
286,US survey acre,Noun,"Unit of measure for areas, defined as 43,560 square feet,[1] or 4,046.8564224 square meters",,A square mile has 640 acres.,False,False,False,False,False,,False,,False,,False,,False,,False,False,False,False,False,False,True
5192,kilofoot,Noun,"A unit of measure for length, equal to one thousand feet.",,,False,False,False,False,False,,False,,False,,False,,False,,False,False,False,False,False,False,True
8975,koku,Noun,"A unit of measure in feudal Japan, the amount of rice needed to feed one person for a year.",,,False,False,False,False,False,,False,,False,,False,,False,,False,False,False,False,False,False,True
190,sabin,Noun,A unit of measurement that measures a material's absorbance of sound, acoustics,"A material that is 1 square meter in size that can absorb 100% of sound has a value of one metric sabin. 2012, Rupert Christiansen, Quiet, Please, Literary Review, Sep 2012: Sabine gave his name to the sabin, the standard unit that is equal to the sound absorption of a square foot of a perfectly absorbing surface such as an open window.",False,False,False,False,False,,False,,False,,False,,False,,False,False,False,False,False,False,True
15016,seah,Noun,"A former Hebrew unit of dry volume, about 7.7L or 7 quarts.", historical units of measure,,False,False,False,False,False,,False,,False,,False,,False,,False,False,False,False,False,False,True
15547,seat-mile,Noun,"A unit of measure of passenger carrying capacity, equal to the number of seats available multiplied by the number of miles flown.", transport,,False,False,False,False,False,,False,,False,,False,,False,,False,False,False,False,False,False,True
62750,split,Noun,A unit of measure used for champagne or other spirits: 18.75 centiliter or one quarter of a standard .75 liter bottle,,"Commercially comparable to 1/20th (US) gallon, which is 1/2 of a fifth.",False,False,False,False,False,,False,,False,,False,,False,,False,False,False,False,False,False,True
66047,square,Noun,"A unit of measurement of area, equal to a 10 foot by 10 foot square, i.e", real estate,"100 square feet or roughly 9.3 square metres. Used in real estate for the size of a house or its rooms, though progressively being replaced by square metres in metric countries such as Australia. 2006: Just as the basic unit of real estate measurement across the world is the square ... Macquarie Bank (Australia), press release Macquarie releases Real Estate Market Outlook 2006 - ""The World Squared"", 21 June 2006 [2] 2007: The house is very large and open and boasts 39 squares of living space plus over 13 squares of decking area on 3 sides and 17 squares of garage and workshop downstairs. Your Estate advertisement for Grindelwald Tasmania [3]",False,False,False,False,False,,False,,False,,False,,False,,False,False,False,False,False,False,True
96243,sverdrup,Noun,"A unit of measure of volume transport, used in oceanography.",,,False,False,False,False,False,,False,,False,,False,,False,,False,False,False,False,False,False,True
5313,fathom,Noun,An English unit of length for water depth notionally based upon the width of grown man's outstretched arms but standardized as 6 feet (about 1.8m)," units of measure, now usually nautical","Synonyms: brace, stade (obsolete), orguia (Greek) 1983, Richard Ellis, The Book of Sharks, Knopf, ISBN, page 7:At fifty fathoms, the waters of the Southern Ocean are dark blue.",False,False,False,False,False,,False,,False,,False,,False,,False,False,False,False,False,False,True
5314,fathom,Noun,Various similar units in other systems., units of measure,,False,False,False,False,False,,False,,False,,False,,False,,False,False,False,False,False,False,True
12727,finger,Noun,"Various units of measure based or notionally based on the adult human finger, particularly (historical) Synonym of digit: former units of measure notionally based on its width but variously standardized, (especially) the English digit of 116foot (about 1.9cm)", units of measure,"(Can we date this quote?) Bishop John Wilkins a piece of steel three fingers thick (historical) A unit of length notionally based on the length of an adult human's middle finger, standardized as 4inches (11.43cm). (historical) Synonym of digit: 112 the observed diameter of the sun or moon, (especially) with regard to eclipses. (originally US) An informal measure of alcohol based on its height in a given glass compared to the width of the pourer's fingers while holding it. Gimme three fingers of bourbon.",False,False,False,False,False,,False,,False,,False,,False,,False,False,False,False,False,False,True
23837,foot,Noun,"A unit of measure equal to twelve inches or one third of a yard, equal to exactly 30.48 centimetres",,"usagecoord. 1963, Margery Allingham, chapter 20, in The China Governess[2]:No. I only opened the door a foot and put my head in. The street lamps shine into that room. I could see him. He was all right. Sleeping like a great grampus. Poor, poor chap. The flag pole at the local high school is about 20 feet high.",False,False,False,False,False,,False,,False,,False,,False,,False,False,False,False,False,False,True
23838,foot,Noun,"A unit of measure for organ pipes equal to the wavelength of two octaves above middle C, approximately 328 mm.", music,,False,False,False,False,False,,False,,False,,False,,False,,False,False,False,False,False,False,True
1857,Dobson unit,Noun,A unit of measurement of the amount of a trace gas (typically ozone) in a vertical column through the Earth's atmosphere.,,,False,False,False,False,False,,False,,False,,False,,False,,False,False,False,False,False,False,True
5363,Swedish mile,Noun,"A unit of measure used in Sweden and other parts of Scandinavia, today with a length of 10 kilometres, but formerly with different values.",,,False,False,False,False,False,,False,,False,,False,,False,,False,False,False,False,False,False,True
2358,magic point,Noun,A unit of measure indicating the amount of magical energy or power available to a character in a role-playing game, fantasy role-playing games,Abbreviated MP.,False,False,False,False,False,,False,,False,,False,,False,,False,False,False,False,False,False,True
26461,microinch,Noun,"A unit of measurement, the length of one one-millionth of an inch, equivalent to 25.4 nanometers",,Symbol: in,False,False,False,False,False,,False,,False,,False,,False,,False,False,False,False,False,False,True
26600,microlambert,Noun,"A unit of measure, one millionth of a lambert.",,,False,False,False,False,False,,False,,False,,False,,False,,False,False,False,False,False,False,True
29697,mil,Noun,"A unit of measurement equal to 11000 of an inch, usually used for thin objects, such as sheets of plastic.",,,False,False,False,False,False,,False,,False,,False,,False,,False,False,False,False,False,False,True
30585,millihenry,Noun,"A unit of measure, one thousandth of a henry.",,,False,False,False,False,False,,False,,False,,False,,False,,False,False,False,False,False,False,True
30603,millilitre,Noun,"A unit of measure of capacity, being one thousandth of a litre", British spelling,Symbol: ml,False,False,False,False,False,,False,,False,,False,,False,,False,False,False,False,False,False,True
30697,milliosmol,Noun,"A unit of measure, one thousandth of an osmol.",,,False,False,False,False,False,,False,,False,,False,,False,,False,False,False,False,False,False,True
30701,milliosmole,Noun,A unit of measurement equal to one thousandth of an osmole.,,,False,False,False,False,False,,False,,False,,False,,False,,False,False,False,False,False,False,True
38732,modius,Noun,A Roman dry measure of about a peck or 9L.," Ancient Rome, historical units of measure",,False,False,False,False,False,,False,,False,,False,,False,,False,False,False,False,False,False,True
38733,modius,Noun,Various medieval units of dry and liquid volume., historical units of measure,,False,False,False,False,False,,False,,False,,False,,False,,False,False,False,False,False,False,True
44264,morgen,Noun,"A unit of measurement of land in the Netherlands and the Dutch colonies and parts of the United States, where it was equivalent to about two acres; and in Denmark, Norway, and Germany, where it was equivalent to about two-thirds of an acre", chiefly historical,"Now used informally in Germany to mean one quarter of a hectare. [from 17th c.] 1969, Doris Lessing, The Four-Gated City, 1993 edition, HarperCollins, page 68:All my life spent hating a poor little tyrant on a few morgen of poor soil, and he'd never known anything else.",False,False,False,False,False,,False,,False,,False,,False,,False,False,False,False,False,False,True
14518,united inch,Noun,"A unit of measurement of window frames, treating the combined width and height in inches as a single measure of length.",,,False,False,False,False,False,,False,,False,,False,,False,,False,False,False,False,False,False,True
5081,juger,Noun,"A Roman unit of area, equivalent to 2 acti or 28,800 square feet (about ha).", historical units of measure,,False,False,False,False,False,,False,,False,,False,,False,,False,False,False,False,False,False,True
40581,rottol,Noun,"A former Middle Eastern and North African unit of dry weight, usually between 15 pounds (0.52.5 kg)", historical units of measure,"1819, Abraham Rees, The Cyclopaedia, Vol. XXX, p. 614: ROTTOLO, in Commerce, a weight used in Italy and the Levant. At Aleppo, and its port Scanderoon, the cantaro contains 100 rottoli, each of which is subdivided into 12 ounces, or 720 drachms; the great cantaro of Tripoli contains 175 rottoli, and the zurlo consists of 27 rottoli. This rottolo, with which most sorts of goods are weighed, weighs 5 lbs. avoirdupois nearly. The rottolo with which the silks from Tripoli, and other parts of Syria, are weighed, consists of 700 drachms, answering to 4 avoirdupois. The rottolo used in weighing the Persian silks contains 680 drachms, or nearly 4 lbs. avoirdupois. The rottolo of Damascus, with which brass, camphor, benzoin, spikenard, balsam of Mecca, and other drugs are weighed, contains 600 drachms, or 415 lbs. avoirdupois. Five rottoli, or 3600 drachms, make what is called a vesno... At Saide, in Syria, (the ancient Sidon,) silk and sattin yarn are weighed with the rottolo of Damascus, of 600 drachms; 100 such rottoli answering to about 410 lbs. avoirdupois. Heavy goods are weighed with the rottolo of Acre, 100 of which are = 482 lbs. avoirdupois. At Constantinople, the cantaro, or quintal, contains 44 okes, or 100 rottoli; and the cantaro weighs about 123 lbs. avoirdupois, the oke 2lbs. 13 oz., and the rottolo 1945 oz., and the chequee 11 oz. avoirdupois. At Leghorn, the rottolo is 3 lbs. At Naples, the cantaro grosso contains 100 rottoli, each weighing 33 ounces of the gold and silver weight, or 3137 ounces avoirdupois. Hence 28 rottoli = 55 lbs. avoirdupois, and the cantaro grosso = 196 lbs. avoirdupois. The cantaro picolo is = 106 lbs. avoirdupois nearly. In Sicily these different weights are used, viz. the rottolo grosso of 33 ounces, the rottolo sotile of 30 ounces, and the libra, or pound of 12 ounces. 10 lbs. of Sicily = 7 lbs. avoirdupois nearly; and, therefore, 40 rottoli grossi, or 44 rottoli sotile = 77 lbs. avoirdupois. A cantaro grosso contains 100 rottoli grossi, or 192 lbs. avoirdupois; a cantaro sotile is 100 rottoli sottili, and is = 175 lbs. avoirdupois. At Smyrna, the cantaro, or kintal, contains 45 okes, or 100 rottoli. The batman is 6 okes, or 2400 drachms; and the oke is 400 drachms, and the rottolo = 180 drachms. The cantaro of 45 okes weighs 123 lbs. 4 oz. avoirdupois; and, therefore, the oke is = 2 lbs. 11 oz. 13 drs. avoirdupois. At Tripoli, the cantaro weight contains 100 rottoli, each of 6 ounces, or 128 termini; this cantaro answers to 168 lbs. peso sotile of Venice, or about 12 lbs. avoirdupois. At Tunis, the cantaro contains 100 rottoli, each of 16 Tunis ounces, and weighs about 111 lbs. avoirdupois... 2005 December 16, Alfred Hickling, ""Pure Thrills"" in The Guardian, p. 19: Michael Howell's troubles begin with an unauthorised laboratory order for ten rottols of absolute alcohol. One rottol equals two okes, one oke weighs just over a quarter of a kilo, and if you're dealing in such antediluvian weights and measures one must be in the notoriously unstable enclave of Middle Eastern states formerly known as the Levant.",False,False,False,False,False,,False,,False,,False,,False,,False,False,False,False,False,False,True
4656,gauge,Noun,A unit of measurement which describes how many spheres of bore diameter of a shotgun can be had from one pound of lead; 12 gauge is roughly equivalent to .75 caliber., firearms,,False,False,False,False,False,,False,,False,,False,,False,,False,False,False,False,False,False,True
10666,gigacandela,Noun,"An SI unit of measurement equivalent to one billion (109) candelas, abbreviated as Gcd.",,,False,False,False,False,False,,False,,False,,False,,False,,False,False,False,False,False,False,True
10681,gigaflop,Noun,A unit of measure for the calculating speed of a computer equal to one billion (109) floating point operations per second, computing,"1992 March 2, Richard Preston, The New Yorker, ""The Mountains of Pi"": The gigaflop supercomputers of today are almost useless. What is needed is a teraflop machine...",False,False,False,False,False,,False,,False,,False,,False,,False,False,False,False,False,False,True
11061,lethek,Noun,"A former Hebrew measure of dry volume, equal to about 115L or 3bushels.", historical units of measure,,False,False,False,False,False,,False,,False,,False,,False,,False,False,False,False,False,False,True
17418,liquid measure,Noun,Any unit of measure for measuring the volume of a liquid., countable,,False,False,False,False,False,,False,,False,,False,,False,,False,False,False,False,False,False,True
19436,load,Noun,A unit of measure for various quantities,,"1866, James Edwin Thorold Rogers, A History of Agriculture and Prices in England, Volume 1, p. 172: If this load equals its modern representative, it contains 18 cwt. of dry, 19 of new hay. The viral load",False,False,False,False,False,,False,,False,,False,,False,,False,False,False,False,False,False,True
25299,lugeon,Noun,"A unit of measurement of permeability, equal to one foot per year.", geology,,False,False,False,False,False,,False,,False,,False,,False,,False,False,False,False,False,False,True
2532,yottahertz,Noun,A unit of measurement based on one septillion hertz.,,,False,False,False,False,False,,False,,False,,False,,False,,False,False,False,False,False,False,True
723,abbasi,Noun,A unit of measurement for Afghan postage stamps.,,,False,False,False,False,False,,False,,False,,False,,False,,False,False,False,False,False,False,True
1796,abmho,Noun,A unit of measurement in the centimeter-gram-second scale used to measure conductance., electricity,,False,False,False,False,False,,False,,False,,False,,False,,False,False,False,False,False,False,True
2932,absolute unit,Noun,"A unit of measurement that can be defined in terms of mass, length, and time.", physics,,False,False,False,False,False,,False,,False,,False,,False,,False,False,False,False,False,False,True
7361,acre foot,Noun,"A unit of measure, used for volumes of water, equal to one acre times one foot (that is, to the amount of water required to cover one acre of land to a depth of one foot), which is 43,560 cubic feet, 325,851 gallons, 1,233 cubic meters.[1]"," US, engineering, agriculture",,False,False,False,False,False,,False,,False,,False,,False,,False,False,False,False,False,False,True
8600,actus,Noun,"A former Roman unit of length, equal to 120 Roman feet (about 35m)", historical units of measure,,False,False,False,False,False,,False,,False,,False,,False,,False,False,False,False,False,False,True
8601,actus,Noun,"A former Roman unit of area, equivalent to a square with sides of 1 actus (about ha)", historical units of measure,,False,False,False,False,False,,False,,False,,False,,False,,False,False,False,False,False,False,True
50338,atmosphere,Noun,A unit of measurement for pressure equal to 101325 Pa (symbol: atm),,,False,False,False,False,False,,False,,False,,False,,False,,False,False,False,False,False,False,True
6787,teacup,Noun,A unit of measure; a teacupful.,,,False,False,False,False,False,,False,,False,,False,,False,,False,False,False,False,False,False,True
6791,teacupful,Noun,"A unit of measure, the capacity or volume of a teacup.",,,False,False,False,False,False,,False,,False,,False,,False,,False,False,False,False,False,False,True
7166,teaspoon,Noun,"A unit of measure, equivalent to one-third of a tablespoon or roughly five milliliters.",,,False,False,False,False,False,,False,,False,,False,,False,,False,False,False,False,False,False,True
10029,temporal hour,Noun,"A unit of time reckoned as 112 of a day's daylight or nighttime, varying according to season, latitude, and local weather.", units of measure,,False,False,False,False,False,,False,,False,,False,,False,,False,False,False,False,False,False,True
11328,terahertz,Noun,A unit of measurement based on one trillion hertz.,,,False,False,False,False,False,,False,,False,,False,,False,,False,False,False,False,False,False,True
26862,ton mile,Noun,A unit of measure expressed in number of short tons moved over a specific distance in miles[1].,,,False,False,False,False,False,,False,,False,,False,,False,,False,False,False,False,False,False,True
48022,twip,Noun,A unit of measure equal to one twentieth of a point., computing,,False,False,False,False,False,,False,,False,,False,,False,,False,False,False,False,False,False,True
